,quality
0,6.0
1,5.0
2,6.0
3,6.0
4,5.0
5,6.0
6,6.0
7,7.0
8,6.0
9,7.0
10,6.0
11,5.0
12,6.0
13,6.0
14,6.0
15,5.0
16,5.0
17,6.0
18,5.0
19,5.0
20,6.0
21,6.0
22,6.0
23,6.0
24,5.0
25,6.0
26,6.0
27,7.0
28,6.0
29,6.0
30,6.0
31,6.0
32,7.0
33,6.0
34,7.0
35,5.0
36,6.0
37,5.0
38,6.0
39,6.0
40,5.0
41,6.0
42,6.0
43,7.0
44,6.0
45,5.0
46,7.0
47,6.0
48,7.0
49,6.0
50,6.0
51,6.0
52,5.0
53,7.0
54,6.0
55,5.0
56,6.0
57,5.0
58,6.0
59,6.0
60,6.0
61,5.0
62,5.0
63,7.0
64,7.0
65,5.0
66,5.0
67,5.0
68,7.0
69,6.0
70,6.0
71,6.0
72,5.0
73,7.0
74,5.0
75,6.0
76,6.0
77,6.0
78,5.0
79,5.0
80,6.0
81,5.0
82,7.0
83,5.0
84,6.0
85,6.0
86,5.0
87,5.0
88,6.0
89,7.0
90,7.0
91,5.0
92,6.0
93,5.0
94,6.0
95,6.0
96,6.0
97,7.0
98,6.0
99,5.0
100,6.0
101,5.0
102,5.0
103,7.0
104,5.0
105,6.0
106,5.0
107,6.0
108,6.0
109,7.0
110,6.0
111,6.0
112,5.0
113,6.0
114,5.0
115,6.0
116,6.0
117,6.0
118,7.0
119,6.0
120,5.0
121,6.0
122,6.0
123,5.0
124,6.0
125,5.0
126,6.0
127,5.0
128,7.0
129,5.0
130,5.0
131,5.0
132,6.0
133,7.0
134,6.0
135,6.0
136,6.0
137,7.0
138,5.0
139,5.0
140,6.0
141,7.0
142,7.0
143,6.0
144,6.0
145,6.0
146,6.0
147,6.0
148,5.0
149,7.0
150,6.0
151,6.0
152,6.0
153,5.0
154,5.0
155,5.0
156,5.0
157,6.0
158,6.0
159,6.0
160,5.0
161,7.0
162,6.0
163,5.0
164,5.0
165,6.0
166,5.0
167,6.0
168,6.0
169,6.0
170,5.0
171,6.0
172,6.0
173,6.0
174,5.0
175,6.0
176,7.0
177,7.0
178,6.0
179,5.0
180,6.0
181,5.0
182,6.0
183,7.0
184,5.0
185,5.0
186,5.0
187,7.0
188,6.0
189,6.0
190,7.0
191,6.0
192,6.0
193,5.0
194,7.0
195,6.0
196,6.0
197,6.0
198,6.0
199,6.0
200,6.0
201,6.0
202,6.0
203,7.0
204,5.0
205,6.0
206,5.0
207,6.0
208,6.0
209,6.0
210,6.0
211,5.0
212,5.0
213,7.0
214,7.0
215,6.0
216,6.0
217,5.0
218,6.0
219,5.0
220,6.0
221,5.0
222,7.0
223,6.0
224,5.0
225,6.0
226,5.0
227,6.0
228,6.0
229,5.0
230,6.0
231,6.0
232,6.0
233,5.0
234,6.0
235,7.0
236,5.0
237,5.0
238,6.0
239,6.0
240,7.0
241,6.0
242,5.0
243,5.0
244,6.0
245,6.0
246,6.0
247,5.0
248,6.0
249,6.0
250,6.0
251,5.0
252,6.0
253,6.0
254,6.0
255,5.0
256,5.0
257,5.0
258,6.0
259,5.0
260,6.0
261,7.0
262,5.0
263,5.0
264,7.0
265,6.0
266,6.0
267,6.0
268,6.0
269,7.0
270,5.0
271,5.0
272,5.0
273,5.0
274,6.0
275,5.0
276,6.0
277,6.0
278,6.0
279,6.0
280,7.0
281,6.0
282,5.0
283,6.0
284,6.0
285,6.0
286,6.0
287,6.0
288,6.0
289,6.0
290,5.0
291,6.0
292,7.0
293,5.0
294,6.0
295,6.0
296,6.0
297,7.0
298,7.0
299,7.0
300,6.0
301,6.0
302,6.0
303,6.0
304,7.0
305,6.0
306,5.0
307,7.0
308,6.0
309,5.0
310,6.0
311,5.0
312,5.0
313,6.0
314,8.0
315,6.0
316,6.0
317,6.0
318,5.0
319,6.0
320,6.0
321,7.0
322,6.0
323,6.0
324,6.0
325,6.0
326,6.0
327,7.0
328,5.0
329,6.0
330,6.0
331,5.0
332,5.0
333,5.0
334,5.0
335,6.0
336,7.0
337,6.0
338,5.0
339,5.0
340,6.0
341,7.0
342,6.0
343,5.0
344,5.0
345,6.0
346,7.0
347,6.0
348,6.0
349,5.0
350,7.0
351,6.0
352,6.0
353,7.0
354,7.0
355,6.0
356,5.0
357,7.0
358,6.0
359,6.0
360,6.0
361,5.0
362,6.0
363,6.0
364,6.0
365,7.0
366,5.0
367,6.0
368,5.0
369,5.0
370,7.0
371,5.0
372,5.0
373,6.0
374,6.0
375,5.0
376,5.0
377,6.0
378,6.0
379,7.0
380,6.0
381,7.0
382,6.0
383,6.0
384,5.0
385,5.0
386,6.0
387,6.0
388,6.0
389,7.0
390,5.0
391,7.0
392,5.0
393,6.0
394,5.0
395,6.0
396,7.0
397,7.0
398,6.0
399,5.0
400,6.0
401,6.0
402,6.0
403,5.0
404,5.0
405,7.0
406,6.0
407,6.0
408,6.0
409,6.0
410,5.0
411,7.0
412,6.0
413,6.0
414,7.0
415,6.0
416,5.0
417,6.0
418,5.0
419,6.0
420,6.0
421,6.0
422,5.0
423,5.0
424,5.0
425,7.0
426,6.0
427,5.0
428,6.0
429,5.0
430,6.0
431,6.0
432,7.0
433,5.0
434,5.0
435,6.0
436,6.0
437,6.0
438,5.0
439,5.0
440,6.0
441,6.0
442,5.0
443,6.0
444,7.0
445,6.0
446,7.0
447,6.0
448,5.0
449,6.0
450,5.0
451,7.0
452,5.0
453,6.0
454,5.0
455,5.0
456,6.0
457,6.0
458,7.0
459,5.0
460,5.0
461,5.0
462,6.0
463,6.0
464,5.0
465,6.0
466,6.0
467,6.0
468,6.0
469,6.0
470,6.0
471,6.0
472,7.0
473,6.0
474,6.0
475,6.0
476,7.0
477,6.0
478,5.0
479,6.0
480,7.0
481,6.0
482,6.0
483,7.0
484,6.0
485,7.0
486,6.0
487,5.0
488,6.0
489,6.0
490,6.0
491,6.0
492,6.0
493,6.0
494,7.0
495,5.0
496,5.0
497,5.0
498,6.0
499,5.0
500,7.0
501,5.0
502,5.0
503,5.0
504,6.0
505,5.0
506,6.0
507,6.0
508,7.0
509,7.0
510,6.0
511,6.0
512,6.0
513,6.0
514,6.0
515,6.0
516,5.0
517,5.0
518,5.0
519,6.0
520,5.0
521,5.0
522,5.0
523,6.0
524,5.0
525,6.0
526,6.0
527,6.0
528,6.0
529,6.0
530,5.0
531,6.0
532,6.0
533,6.0
534,6.0
535,5.0
536,6.0
537,5.0
538,6.0
539,6.0
540,7.0
541,6.0
542,6.0
543,5.0
544,6.0
545,6.0
546,6.0
547,5.0
548,5.0
549,5.0
550,6.0
551,5.0
552,6.0
553,6.0
554,6.0
555,5.0
556,6.0
557,6.0
558,5.0
559,7.0
560,6.0
561,7.0
562,6.0
563,5.0
564,5.0
565,6.0
566,5.0
567,5.0
568,5.0
569,6.0
570,6.0
571,5.0
572,6.0
573,6.0
574,6.0
575,7.0
576,6.0
577,5.0
578,6.0
579,6.0
580,5.0
581,5.0
582,5.0
583,7.0
584,6.0
585,7.0
586,6.0
587,5.0
588,5.0
589,6.0
590,6.0
591,6.0
592,5.0
593,5.0
594,6.0
595,5.0
596,6.0
597,6.0
598,6.0
599,6.0
600,5.0
601,5.0
602,6.0
603,6.0
604,6.0
605,6.0
606,6.0
607,7.0
608,6.0
609,5.0
610,6.0
611,6.0
612,6.0
613,7.0
614,6.0
615,6.0
616,6.0
617,5.0
618,7.0
619,7.0
620,8.0
621,6.0
622,6.0
623,5.0
624,6.0
625,5.0
626,5.0
627,6.0
628,5.0
629,7.0
630,6.0
631,7.0
632,5.0
633,6.0
634,6.0
635,5.0
636,5.0
637,6.0
638,6.0
639,6.0
640,5.0
641,5.0
642,5.0
643,6.0
644,6.0
645,6.0
646,6.0
647,5.0
648,5.0
649,6.0
650,5.0
651,6.0
652,6.0
653,6.0
654,6.0
655,7.0
656,6.0
657,6.0
658,6.0
659,5.0
660,6.0
661,6.0
662,8.0
663,6.0
664,5.0
665,7.0
666,5.0
667,6.0
668,7.0
669,6.0
670,6.0
671,6.0
672,7.0
673,6.0
674,7.0
675,6.0
676,6.0
677,5.0
678,5.0
679,6.0
680,5.0
681,5.0
682,6.0
683,7.0
684,5.0
685,6.0
686,6.0
687,7.0
688,5.0
689,5.0
690,6.0
691,5.0
692,5.0
693,5.0
694,6.0
695,6.0
696,5.0
697,6.0
698,6.0
699,6.0
700,6.0
701,7.0
702,5.0
703,6.0
704,6.0
705,6.0
706,6.0
707,6.0
708,7.0
709,6.0
710,5.0
711,5.0
712,6.0
713,5.0
714,6.0
715,7.0
716,7.0
717,5.0
718,6.0
719,6.0
720,6.0
721,6.0
722,6.0
723,6.0
724,5.0
725,7.0
726,5.0
727,6.0
728,7.0
729,6.0
730,7.0
731,5.0
732,7.0
733,6.0
734,5.0
735,5.0
736,5.0
737,6.0
738,6.0
739,7.0
740,6.0
741,7.0
742,5.0
743,6.0
744,6.0
745,5.0
746,6.0
747,6.0
748,7.0
749,6.0
750,6.0
751,5.0
752,6.0
753,5.0
754,6.0
755,6.0
756,6.0
757,5.0
758,6.0
759,7.0
760,6.0
761,6.0
762,5.0
763,5.0
764,6.0
765,7.0
766,6.0
767,6.0
768,6.0
769,6.0
770,7.0
771,5.0
772,6.0
773,6.0
774,5.0
775,6.0
776,5.0
777,6.0
778,5.0
779,5.0
780,5.0
781,6.0
782,5.0
783,5.0
784,6.0
785,7.0
786,6.0
787,6.0
788,6.0
789,6.0
790,7.0
791,5.0
792,6.0
793,6.0
794,6.0
795,6.0
796,7.0
797,6.0
798,6.0
799,5.0
800,6.0
801,7.0
802,6.0
803,6.0
804,5.0
805,6.0
806,5.0
807,6.0
808,5.0
809,5.0
810,6.0
811,6.0
812,5.0
813,6.0
814,5.0
815,6.0
816,5.0
817,6.0
818,5.0
819,5.0
820,6.0
821,5.0
822,7.0
823,6.0
824,7.0
825,6.0
826,6.0
827,5.0
828,5.0
829,5.0
830,6.0
831,5.0
832,6.0
833,6.0
834,5.0
835,5.0
836,6.0
837,7.0
838,6.0
839,5.0
840,6.0
841,5.0
842,5.0
843,6.0
844,6.0
845,6.0
846,6.0
847,6.0
848,6.0
849,5.0
850,5.0
851,5.0
852,5.0
853,5.0
854,6.0
855,6.0
856,5.0
857,7.0
858,6.0
859,6.0
860,6.0
861,5.0
862,6.0
863,7.0
864,5.0
865,7.0
866,6.0
867,5.0
868,5.0
869,6.0
870,5.0
871,7.0
872,6.0
873,6.0
874,6.0
875,6.0
876,5.0
877,5.0
878,6.0
879,7.0
880,6.0
881,6.0
882,5.0
883,6.0
884,6.0
885,7.0
886,6.0
887,5.0
888,6.0
889,5.0
890,5.0
891,5.0
892,6.0
893,6.0
894,5.0
895,5.0
896,7.0
897,6.0
898,6.0
899,5.0
900,6.0
901,6.0
902,6.0
903,5.0
904,6.0
905,6.0
906,6.0
907,7.0
908,6.0
909,6.0
910,5.0
911,6.0
912,5.0
913,6.0
914,6.0
915,7.0
916,6.0
917,5.0
918,7.0
919,6.0
920,6.0
921,6.0
922,5.0
923,5.0
924,6.0
925,5.0
926,6.0
927,6.0
928,5.0
929,6.0
930,6.0
931,6.0
932,6.0
933,6.0
934,5.0
935,5.0
936,6.0
937,6.0
938,7.0
939,5.0
940,6.0
941,7.0
942,6.0
943,6.0
944,5.0
945,6.0
946,6.0
947,6.0
948,5.0
949,7.0
950,6.0
951,6.0
952,6.0
953,6.0
954,6.0
955,6.0
956,6.0
957,5.0
958,7.0
959,5.0
960,6.0
961,6.0
962,6.0
963,6.0
964,6.0
965,5.0
966,6.0
967,6.0
968,6.0
969,7.0
970,6.0
971,5.0
972,5.0
973,5.0
974,5.0
975,6.0
976,6.0
977,6.0
978,6.0
979,6.0
980,6.0
981,7.0
982,5.0
983,6.0
984,6.0
985,5.0
986,5.0
987,6.0
988,6.0
989,5.0
990,6.0
991,6.0
992,5.0
993,6.0
994,6.0
995,6.0
996,6.0
997,6.0
998,6.0
999,6.0
1000,5.0
1001,5.0
1002,5.0
1003,5.0
1004,6.0
1005,5.0
1006,6.0
1007,5.0
1008,5.0
1009,6.0
1010,6.0
1011,7.0
1012,6.0
1013,5.0
1014,6.0
1015,5.0
1016,7.0
1017,5.0
1018,6.0
1019,6.0
1020,5.0
1021,5.0
1022,6.0
1023,5.0
1024,7.0
1025,6.0
1026,7.0
1027,6.0
1028,6.0
1029,7.0
1030,5.0
1031,6.0
1032,5.0
1033,5.0
1034,5.0
1035,5.0
1036,5.0
1037,5.0
1038,6.0
1039,7.0
1040,6.0
1041,5.0
1042,5.0
1043,6.0
1044,6.0
1045,6.0
1046,7.0
1047,6.0
1048,6.0
1049,6.0
1050,5.0
1051,5.0
1052,6.0
1053,6.0
1054,7.0
1055,6.0
1056,6.0
1057,5.0
1058,6.0
1059,5.0
1060,6.0
1061,6.0
1062,6.0
1063,6.0
1064,6.0
1065,6.0
1066,6.0
1067,5.0
1068,6.0
1069,7.0
1070,5.0
1071,6.0
1072,5.0
1073,5.0
1074,5.0
1075,6.0
1076,6.0
1077,5.0
1078,5.0
1079,7.0
1080,5.0
1081,6.0
1082,6.0
1083,5.0
1084,5.0
1085,7.0
1086,5.0
1087,6.0
1088,5.0
1089,6.0
1090,6.0
1091,6.0
1092,5.0
1093,6.0
1094,7.0
1095,6.0
1096,6.0
1097,6.0
1098,7.0
1099,6.0
1100,6.0
1101,6.0
1102,5.0
1103,5.0
1104,7.0
1105,6.0
1106,7.0
1107,6.0
1108,6.0
1109,6.0
1110,6.0
1111,7.0
1112,6.0
1113,5.0
1114,6.0
1115,6.0
1116,5.0
1117,6.0
1118,6.0
1119,7.0
1120,5.0
1121,5.0
1122,7.0
1123,5.0
1124,6.0
1125,6.0
1126,6.0
1127,7.0
1128,6.0
1129,6.0
1130,5.0
1131,6.0
1132,7.0
1133,5.0
1134,7.0
1135,6.0
1136,6.0
1137,6.0
1138,6.0
1139,7.0
1140,6.0
1141,5.0
1142,7.0
1143,6.0
1144,6.0
1145,6.0
1146,6.0
1147,5.0
1148,5.0
1149,5.0
1150,5.0
1151,5.0
1152,6.0
1153,6.0
1154,6.0
1155,6.0
1156,5.0
1157,6.0
1158,5.0
1159,6.0
1160,6.0
1161,5.0
1162,6.0
1163,5.0
1164,5.0
1165,5.0
1166,6.0
1167,6.0
1168,5.0
1169,6.0
1170,7.0
1171,7.0
1172,6.0
1173,5.0
1174,6.0
1175,7.0
1176,6.0
1177,7.0
1178,5.0
1179,6.0
1180,5.0
1181,7.0
1182,6.0
1183,6.0
1184,6.0
1185,7.0
1186,5.0
1187,7.0
1188,7.0
1189,7.0
1190,6.0
1191,5.0
1192,5.0
1193,5.0
1194,6.0
1195,6.0
1196,5.0
1197,5.0
1198,6.0
1199,6.0
1200,6.0
1201,6.0
1202,6.0
1203,6.0
1204,5.0
1205,7.0
1206,6.0
1207,6.0
1208,6.0
1209,7.0
1210,6.0
1211,5.0
1212,6.0
1213,7.0
1214,6.0
1215,6.0
1216,6.0
1217,6.0
1218,6.0
1219,5.0
1220,5.0
1221,6.0
1222,6.0
1223,6.0
1224,5.0
1225,6.0
1226,5.0
1227,7.0
1228,5.0
1229,6.0
1230,7.0
1231,6.0
1232,6.0
1233,5.0
1234,5.0
1235,5.0
1236,6.0
1237,6.0
1238,6.0
1239,7.0
1240,5.0
1241,6.0
1242,7.0
1243,5.0
1244,6.0
1245,7.0
1246,5.0
1247,7.0
1248,6.0
1249,6.0
1250,6.0
1251,6.0
1252,7.0
1253,5.0
1254,5.0
1255,6.0
1256,6.0
1257,6.0
1258,5.0
1259,5.0
1260,6.0
1261,5.0
1262,6.0
1263,6.0
1264,6.0
1265,6.0
1266,5.0
1267,6.0
1268,5.0
1269,6.0
1270,5.0
1271,6.0
1272,6.0
1273,7.0
1274,6.0
1275,7.0
1276,6.0
1277,6.0
1278,6.0
1279,5.0
1280,7.0
1281,6.0
1282,6.0
1283,6.0
1284,4.0
1285,7.0
1286,6.0
1287,6.0
1288,6.0
1289,6.0
1290,5.0
1291,6.0
1292,5.0
1293,5.0
1294,6.0
1295,6.0
1296,6.0
1297,6.0
1298,6.0
1299,6.0
1300,6.0
1301,6.0
1302,6.0
1303,6.0
1304,6.0
1305,7.0
1306,6.0
1307,6.0
1308,6.0
1309,5.0
1310,5.0
1311,5.0
1312,6.0
1313,5.0
1314,6.0
1315,6.0
1316,6.0
1317,5.0
1318,6.0
1319,6.0
1320,6.0
1321,6.0
1322,6.0
1323,5.0
1324,5.0
1325,5.0
1326,6.0
1327,5.0
1328,6.0
1329,6.0
1330,7.0
1331,6.0
1332,6.0
1333,7.0
1334,6.0
1335,6.0
1336,6.0
1337,6.0
1338,6.0
1339,5.0
1340,7.0
1341,5.0
1342,5.0
1343,6.0
1344,5.0
1345,5.0
1346,5.0
1347,7.0
1348,6.0
1349,6.0
1350,6.0
1351,7.0
1352,6.0
1353,6.0
1354,6.0
1355,6.0
1356,5.0
1357,5.0
1358,5.0
1359,6.0
1360,7.0
1361,5.0
1362,5.0
1363,6.0
1364,6.0
1365,5.0
1366,5.0
1367,5.0
1368,5.0
1369,6.0
1370,6.0
1371,7.0
1372,6.0
1373,5.0
1374,6.0
1375,5.0
1376,6.0
1377,6.0
1378,6.0
1379,6.0
1380,7.0
1381,7.0
1382,5.0
1383,6.0
1384,5.0
1385,5.0
1386,5.0
1387,7.0
1388,6.0
1389,7.0
1390,5.0
1391,6.0
1392,6.0
1393,6.0
1394,6.0
1395,6.0
1396,6.0
1397,5.0
1398,6.0
1399,6.0
1400,7.0
1401,6.0
1402,6.0
1403,6.0
1404,5.0
1405,6.0
1406,6.0
1407,5.0
1408,6.0
1409,7.0
1410,5.0
1411,5.0
1412,7.0
1413,7.0
1414,6.0
1415,5.0
1416,6.0
1417,6.0
1418,5.0
1419,6.0
1420,6.0
1421,7.0
1422,5.0
1423,7.0
1424,5.0
1425,6.0
1426,6.0
1427,7.0
1428,6.0
1429,6.0
1430,6.0
1431,5.0
1432,6.0
1433,7.0
1434,6.0
1435,6.0
1436,7.0
1437,5.0
1438,6.0
1439,6.0
1440,6.0
1441,5.0
1442,6.0
1443,6.0
1444,6.0
1445,6.0
1446,6.0
1447,5.0
1448,7.0
1449,6.0
1450,7.0
1451,6.0
1452,6.0
1453,5.0
1454,6.0
1455,6.0
1456,6.0
1457,6.0
1458,6.0
1459,6.0
1460,6.0
1461,6.0
1462,6.0
1463,7.0
1464,6.0
1465,5.0
1466,6.0
1467,6.0
1468,6.0
1469,6.0
1470,6.0
1471,6.0
1472,6.0
1473,6.0
1474,6.0
1475,5.0
1476,7.0
1477,5.0
1478,7.0
1479,6.0
1480,5.0
1481,6.0
1482,6.0
1483,6.0
1484,5.0
1485,5.0
1486,5.0
1487,6.0
1488,6.0
1489,5.0
1490,6.0
1491,5.0
1492,6.0
1493,6.0
1494,5.0
1495,5.0
1496,7.0
1497,5.0
1498,6.0
1499,5.0
1500,6.0
1501,6.0
1502,5.0
1503,7.0
1504,6.0
1505,6.0
1506,6.0
1507,6.0
1508,5.0
1509,6.0
1510,6.0
1511,6.0
1512,6.0
1513,5.0
1514,6.0
1515,6.0
1516,5.0
1517,6.0
1518,5.0
1519,6.0
1520,6.0
1521,6.0
1522,7.0
1523,5.0
1524,7.0
1525,6.0
1526,6.0
1527,6.0
1528,5.0
1529,5.0
1530,6.0
1531,6.0
1532,6.0
1533,5.0
1534,5.0
1535,6.0
1536,6.0
1537,6.0
1538,5.0
1539,6.0
1540,6.0
1541,6.0
1542,6.0
1543,7.0
1544,6.0
1545,6.0
1546,6.0
1547,6.0
1548,6.0
1549,5.0
1550,6.0
1551,6.0
1552,5.0
1553,6.0
1554,6.0
1555,5.0
1556,6.0
1557,7.0
1558,5.0
1559,7.0
1560,6.0
1561,7.0
1562,6.0
1563,6.0
1564,7.0
1565,5.0
1566,6.0
1567,5.0
1568,6.0
1569,6.0
1570,5.0
1571,5.0
1572,6.0
1573,7.0
1574,5.0
1575,7.0
1576,5.0
1577,6.0
1578,7.0
1579,6.0
1580,6.0
1581,8.0
1582,6.0
1583,7.0
1584,6.0
1585,5.0
1586,6.0
1587,5.0
1588,6.0
1589,7.0
1590,6.0
1591,7.0
1592,5.0
1593,6.0
1594,5.0
1595,5.0
1596,5.0
1597,5.0
1598,6.0
1599,6.0
1600,7.0
1601,5.0
1602,6.0
1603,6.0
1604,5.0
1605,6.0
1606,6.0
1607,5.0
1608,6.0
1609,6.0
1610,5.0
1611,6.0
1612,5.0
1613,6.0
1614,5.0
1615,7.0
1616,5.0
1617,6.0
1618,7.0
1619,5.0
1620,5.0
1621,6.0
1622,6.0
1623,7.0
1624,6.0
1625,6.0
1626,5.0
1627,7.0
1628,5.0
1629,6.0
1630,5.0
1631,6.0
1632,6.0
1633,6.0
1634,6.0
1635,6.0
1636,5.0
1637,6.0
1638,6.0
1639,5.0
1640,6.0
1641,6.0
1642,5.0
1643,6.0
1644,5.0
1645,6.0
1646,6.0
1647,6.0
1648,6.0
1649,7.0
1650,7.0
1651,6.0
1652,6.0
1653,5.0
1654,5.0
1655,5.0
1656,5.0
1657,5.0
1658,5.0
1659,7.0
1660,7.0
1661,7.0
1662,5.0
1663,5.0
1664,7.0
1665,6.0
1666,5.0
1667,5.0
1668,6.0
1669,8.0
1670,5.0
1671,6.0
1672,5.0
1673,6.0
1674,6.0
1675,5.0
1676,6.0
1677,5.0
1678,6.0
1679,7.0
1680,6.0
1681,6.0
1682,5.0
1683,6.0
1684,5.0
1685,6.0
1686,6.0
1687,7.0
1688,6.0
1689,5.0
1690,6.0
1691,6.0
1692,6.0
1693,6.0
1694,5.0
1695,6.0
1696,6.0
1697,6.0
1698,6.0
1699,7.0
1700,6.0
1701,6.0
1702,5.0
1703,5.0
1704,5.0
1705,6.0
1706,6.0
1707,6.0
1708,6.0
1709,5.0
1710,7.0
1711,5.0
1712,6.0
1713,5.0
1714,5.0
1715,6.0
1716,6.0
1717,6.0
1718,6.0
1719,7.0
1720,6.0
1721,6.0
1722,7.0
1723,5.0
1724,7.0
1725,7.0
1726,6.0
1727,6.0
1728,6.0
1729,6.0
1730,6.0
1731,6.0
1732,5.0
1733,6.0
1734,5.0
1735,7.0
1736,6.0
1737,6.0
1738,5.0
1739,7.0
1740,6.0
1741,6.0
1742,5.0
1743,6.0
1744,6.0
1745,6.0
1746,5.0
1747,6.0
1748,6.0
1749,6.0
1750,6.0
1751,6.0
1752,7.0
1753,6.0
1754,5.0
1755,5.0
1756,5.0
1757,5.0
1758,6.0
1759,5.0
1760,6.0
1761,6.0
1762,5.0
1763,5.0
1764,6.0
1765,5.0
1766,6.0
1767,5.0
1768,6.0
1769,6.0
1770,6.0
1771,6.0
1772,7.0
1773,6.0
1774,6.0
1775,6.0
1776,5.0
1777,5.0
1778,6.0
1779,6.0
1780,6.0
1781,5.0
1782,7.0
1783,6.0
1784,7.0
1785,7.0
1786,7.0
1787,6.0
1788,6.0
1789,5.0
1790,6.0
1791,6.0
1792,5.0
1793,5.0
1794,6.0
1795,5.0
1796,6.0
1797,5.0
1798,6.0
1799,7.0
1800,6.0
1801,6.0
1802,6.0
1803,6.0
1804,5.0
1805,5.0
1806,6.0
1807,5.0
1808,6.0
1809,6.0
1810,6.0
1811,5.0
1812,5.0
1813,7.0
1814,7.0
1815,5.0
1816,5.0
1817,6.0
1818,5.0
1819,6.0
1820,6.0
1821,6.0
1822,6.0
1823,5.0
1824,6.0
1825,6.0
1826,7.0
1827,6.0
1828,6.0
1829,6.0
1830,6.0
1831,6.0
1832,6.0
1833,6.0
1834,6.0
1835,6.0
1836,5.0
1837,5.0
1838,6.0
1839,6.0
1840,5.0
1841,5.0
1842,5.0
1843,5.0
1844,6.0
1845,6.0
1846,7.0
1847,5.0
1848,6.0
1849,6.0
1850,5.0
1851,6.0
1852,5.0
1853,6.0
1854,5.0
1855,6.0
1856,6.0
1857,6.0
1858,6.0
1859,6.0
1860,7.0
1861,5.0
1862,6.0
1863,7.0
1864,6.0
1865,7.0
1866,6.0
1867,7.0
1868,6.0
1869,7.0
1870,7.0
1871,6.0
1872,6.0
1873,5.0
1874,6.0
1875,5.0
1876,6.0
1877,6.0
1878,6.0
1879,6.0
1880,6.0
1881,5.0
1882,5.0
1883,6.0
1884,5.0
1885,6.0
1886,5.0
1887,5.0
1888,7.0
1889,5.0
1890,6.0
1891,5.0
1892,5.0
1893,7.0
1894,5.0
1895,6.0
1896,7.0
1897,5.0
1898,6.0
1899,7.0
1900,5.0
1901,5.0
1902,6.0
1903,6.0
1904,6.0
1905,7.0
1906,5.0
1907,5.0
1908,6.0
1909,5.0
1910,5.0
1911,5.0
1912,5.0
1913,6.0
1914,6.0
1915,6.0
1916,7.0
1917,6.0
1918,7.0
1919,6.0
1920,6.0
1921,6.0
1922,6.0
1923,6.0
1924,7.0
1925,5.0
1926,6.0
1927,5.0
1928,6.0
1929,6.0
1930,6.0
1931,5.0
1932,5.0
1933,6.0
1934,6.0
1935,6.0
1936,5.0
1937,6.0
1938,6.0
1939,7.0
1940,6.0
1941,5.0
1942,5.0
1943,6.0
1944,5.0
1945,6.0
1946,6.0
1947,5.0
1948,5.0
1949,6.0
1950,5.0
1951,5.0
1952,6.0
1953,5.0
1954,5.0
1955,6.0
1956,7.0
1957,6.0
1958,5.0
1959,6.0
1960,6.0
1961,6.0
1962,5.0
1963,6.0
1964,5.0
1965,6.0
1966,6.0
1967,5.0
1968,7.0
1969,6.0
1970,6.0
1971,5.0
1972,6.0
1973,7.0
1974,5.0
1975,5.0
1976,6.0
1977,6.0
1978,6.0
1979,7.0
1980,7.0
1981,5.0
1982,6.0
1983,5.0
1984,5.0
1985,6.0
1986,6.0
1987,6.0
1988,7.0
1989,6.0
1990,6.0
1991,7.0
1992,6.0
1993,5.0
1994,5.0
1995,5.0
1996,6.0
1997,6.0
1998,5.0
1999,7.0
2000,6.0
2001,5.0
2002,6.0
2003,6.0
2004,5.0
2005,6.0
2006,6.0
2007,5.0
2008,6.0
2009,5.0
2010,6.0
2011,5.0
2012,6.0
2013,6.0
2014,6.0
2015,6.0
2016,7.0
2017,5.0
2018,5.0
2019,6.0
2020,6.0
2021,6.0
2022,5.0
2023,6.0
2024,5.0
2025,6.0
2026,6.0
2027,6.0
2028,5.0
2029,7.0
2030,6.0
2031,6.0
2032,6.0
2033,6.0
2034,5.0
2035,7.0
2036,6.0
2037,6.0
2038,5.0
2039,7.0
2040,6.0
2041,7.0
2042,6.0
2043,5.0
2044,7.0
2045,5.0
2046,7.0
2047,6.0
2048,6.0
2049,6.0
2050,7.0
2051,5.0
2052,7.0
2053,6.0
2054,5.0
2055,5.0
2056,6.0
2057,6.0
2058,6.0
2059,5.0
2060,6.0
2061,6.0
2062,7.0
2063,6.0
2064,6.0
2065,6.0
2066,6.0
2067,5.0
2068,7.0
2069,5.0
2070,6.0
2071,6.0
2072,7.0
2073,6.0
2074,6.0
2075,6.0
2076,6.0
2077,6.0
2078,6.0
2079,6.0
2080,7.0
2081,6.0
2082,6.0
2083,6.0
2084,5.0
2085,6.0
2086,7.0
2087,5.0
2088,6.0
2089,7.0
2090,5.0
2091,6.0
2092,6.0
2093,7.0
2094,6.0
2095,5.0
2096,5.0
2097,6.0
2098,6.0
2099,5.0
2100,6.0
2101,6.0
2102,6.0
2103,5.0
2104,6.0
2105,6.0
2106,7.0
2107,6.0
2108,5.0
2109,5.0
2110,5.0
2111,5.0
2112,5.0
2113,6.0
2114,5.0
2115,6.0
2116,6.0
2117,6.0
2118,5.0
2119,6.0
2120,6.0
2121,6.0
2122,6.0
2123,5.0
2124,6.0
2125,5.0
2126,6.0
2127,5.0
2128,6.0
2129,7.0
2130,5.0
2131,7.0
2132,5.0
2133,6.0
2134,5.0
2135,6.0
2136,5.0
2137,5.0
2138,8.0
2139,6.0
2140,5.0
2141,6.0
2142,6.0
2143,6.0
2144,7.0
2145,5.0
2146,7.0
2147,7.0
2148,7.0
2149,5.0
2150,5.0
2151,5.0
2152,5.0
2153,6.0
2154,5.0
2155,6.0
2156,6.0
2157,6.0
2158,7.0
2159,5.0
2160,6.0
2161,7.0
2162,5.0
2163,5.0
2164,6.0
2165,6.0
2166,7.0
2167,6.0
2168,5.0
2169,6.0
2170,6.0
2171,6.0
2172,5.0
2173,6.0
2174,6.0
2175,6.0
2176,6.0
2177,6.0
2178,6.0
2179,6.0
2180,6.0
2181,6.0
2182,6.0
2183,5.0
2184,5.0
2185,6.0
2186,6.0
2187,6.0
2188,7.0
2189,6.0
2190,6.0
2191,6.0
2192,6.0
2193,5.0
2194,7.0
2195,6.0
2196,6.0
2197,6.0
2198,5.0
2199,6.0
2200,5.0
2201,6.0
2202,5.0
2203,7.0
2204,5.0
2205,6.0
2206,5.0
2207,6.0
2208,6.0
2209,6.0
2210,6.0
2211,6.0
2212,6.0
2213,6.0
2214,5.0
2215,5.0
2216,5.0
2217,6.0
2218,7.0
2219,6.0
2220,6.0
2221,7.0
2222,5.0
2223,6.0
2224,6.0
2225,6.0
2226,6.0
2227,7.0
2228,5.0
2229,6.0
2230,5.0
2231,6.0
2232,5.0
2233,5.0
2234,5.0
2235,5.0
2236,6.0
2237,5.0
2238,5.0
2239,5.0
2240,5.0
2241,7.0
2242,6.0
2243,7.0
2244,6.0
2245,6.0
2246,6.0
2247,6.0
2248,6.0
2249,6.0
2250,6.0
2251,8.0
2252,7.0
2253,6.0
2254,5.0
2255,6.0
2256,5.0
2257,5.0
2258,5.0
2259,5.0
2260,5.0
2261,5.0
2262,6.0
2263,6.0
2264,5.0
2265,7.0
2266,7.0
2267,5.0
2268,5.0
2269,5.0
2270,6.0
2271,6.0
2272,5.0
2273,6.0
2274,7.0
2275,5.0
2276,6.0
2277,6.0
2278,6.0
2279,5.0
2280,6.0
2281,5.0
2282,5.0
2283,6.0
2284,6.0
2285,6.0
2286,6.0
2287,6.0
2288,6.0
2289,6.0
2290,6.0
2291,6.0
2292,6.0
2293,6.0
2294,5.0
2295,5.0
2296,5.0
2297,5.0
2298,6.0
2299,6.0
2300,6.0
2301,7.0
2302,5.0
2303,6.0
2304,6.0
2305,6.0
2306,5.0
2307,5.0
2308,5.0
2309,5.0
2310,6.0
2311,6.0
2312,6.0
2313,4.0
2314,6.0
2315,6.0
2316,7.0
2317,6.0
2318,6.0
2319,7.0
2320,7.0
2321,6.0
2322,6.0
2323,5.0
2324,6.0
2325,7.0
2326,5.0
2327,6.0
2328,5.0
2329,6.0
2330,5.0
2331,6.0
2332,5.0
2333,6.0
2334,6.0
2335,6.0
2336,5.0
2337,6.0
2338,7.0
2339,6.0
2340,5.0
2341,6.0
2342,5.0
2343,7.0
2344,7.0
2345,6.0
2346,5.0
